Samples	Gene	Gene panel	CNA	Cytoband
P23_A	MET	IMPACT468	AMP	7q31.2
P23_A	BRCA1	IMPACT468	DeepDel	17q21.31
P23_A	ERCC2	IMPACT468	DeepDel	19q13.32
P23_A	SMARCB1	IMPACT468	DeepDel	22q11.23|22q11
P23_A	TSC2	IMPACT468	DeepDel	16p13.3
P23_A	CHEK2	IMPACT468	DeepDel	22q12.1
P23_A	NF1	IMPACT468	DeepDel	17q11.2
P23_A	NOTCH1	IMPACT468	DeepDel	9q34.3
P23_A	CREBBP	IMPACT468	DeepDel	16p13.3
P23_A	TP53	IMPACT468	DeepDel	17p13.1
P23_A	CEBPA	IMPACT468	DeepDel	19q13.11
P23_A	MAP2K4	IMPACT468	DeepDel	17p12
P23_A	FANCA	IMPACT468	DeepDel	16q24.3
P23_A	FLCN	IMPACT468	DeepDel	17p11.2
P23_A	NCOR1	IMPACT468	DeepDel	17p12-p11.2
P23_A	PTPRS	IMPACT468	DeepDel	19p13.3
P23_A	STK11	IMPACT468	DeepDel	19p13.3
P23_A	MSH3	IMPACT468	DeepDel	5q14.1
P23_A	PMS2	IMPACT468	DeepDel	7p22.1
P23_A	AXIN1	IMPACT468	DeepDel	16p13.3
P23_A	NTHL1	IMPACT468	DeepDel	16p13.3
P23_A	SLX4	IMPACT468	DeepDel	16p13.3
P23_A	TCF3	IMPACT468	DeepDel	19p13.3
P23_A	KEAP1	IMPACT468	DeepDel	19p13.2
P23_A	PIK3R2	IMPACT468	DeepDel	19p13.11
P23_A	ERF	IMPACT468	DeepDel	19q13.2
P23_A	CIC	IMPACT468	DeepDel	19q13.2
P23_A	BBC3	IMPACT468	DeepDel	19q13.32
P23_A	PPP2R1A	IMPACT468	DeepDel	19q13.41
P23_A	NF2	IMPACT468	DeepDel	22q12.2
P23_A	EP300	IMPACT468	DeepDel	22q13.2
P23_A	SMARCA4	IMPACT468	DeepDel	19p13.2
P23_A	KMT2B	IMPACT468	DeepDel	19q13.12
P23_A	INPPL1	IMPACT468	DeepDel	11q13.4
P23_A	MTOR	IMPACT468	DeepDel	1p36.22
P23_A	FGFR3	IMPACT468	DeepDel	4p16.3
P23_A	RAC1	IMPACT468	DeepDel	7p22.1
P23_A	FGF3	IMPACT468	DeepDel	11q13.3
P23_A	CCNE1	IMPACT468	DeepDel	19q12
P23_A	RARA	IMPACT468	DeepDel	17q21.2
P23_A	CCND1	IMPACT468	DeepDel	11q13.3
P23_A	DNAJB1	IMPACT468	DeepDel	19p13.12
P23_A	ARID5B	IMPACT468	AMP	10q21.2
P23_A	HIST1H1C	IMPACT468	AMP	6p22.2
P23_A	HIST1H2BD	IMPACT468	AMP	6p22.2
P23_A	HIST1H3B	IMPACT468	AMP	6p22.2
P23_A	FLT4	IMPACT468	DeepDel	5q35.3
P23_A	DOT1L	IMPACT468	DeepDel	19p13.3
P23_A	GNA11	IMPACT468	DeepDel	19p13.3
P23_A	MAP2K2	IMPACT468	DeepDel	19p13.3
P23_A	PIK3CD	IMPACT468	DeepDel	1p36.22
P23_A	HIST1H3A	IMPACT468	AMP	6p22.2
P23_A	HIST1H3C	IMPACT468	AMP	6p22.2
P23_A	HIST1H3D	IMPACT468	AMP	6p22.2
P23_A	HIST1H3E	IMPACT468	AMP	6p22.2
P23_A	HIST1H3F	IMPACT468	AMP	6p22.2
P23_A	HIST1H3G	IMPACT468	AMP	6p22.2
P23_A	HIST1H3H	IMPACT468	AMP	6p22.1
P23_A	HIST1H3I	IMPACT468	AMP	6p22.1
P23_A	HIST1H3J	IMPACT468	AMP	6p22.1
P23_A	CARD11	IMPACT468	DeepDel	7p22.2
P23_A	RXRA	IMPACT468	DeepDel	9q34.2
P23_A	EGFL7	IMPACT468	DeepDel	9q34.3
P23_A	TRAF2	IMPACT468	DeepDel	9q34.3
P23_A	FGF19	IMPACT468	DeepDel	11q13.3
P23_A	FGF4	IMPACT468	DeepDel	11q13.3
P23_A	TRAF7	IMPACT468	DeepDel	16p13.3
P23_A	PDPK1	IMPACT468	DeepDel	16p13.3
P23_A	ALOX12B	IMPACT468	DeepDel	17p13.1
P23_A	AURKB	IMPACT468	DeepDel	17p13.1
P23_A	STAT5B	IMPACT468	DeepDel	17q21.2
P23_A	STAT5A	IMPACT468	DeepDel	17q21.2
P23_A	STAT3	IMPACT468	DeepDel	17q21.2
P23_A	EZH1	IMPACT468	DeepDel	17q21.2
P23_A	INSR	IMPACT468	DeepDel	19p13.2
P23_A	DNMT1	IMPACT468	DeepDel	19p13.2
P23_A	NOTCH3	IMPACT468	DeepDel	19p13.12
P23_A	BABAM1	IMPACT468	DeepDel	19p13.11
P23_A	JAK3	IMPACT468	DeepDel	19p13.11
P23_A	MEF2B	IMPACT468	DeepDel	19p13.11
P23_A	AKT2	IMPACT468	DeepDel	19q13.2
P23_A	AXL	IMPACT468	DeepDel	19q13.2
P23_A	CD79A	IMPACT468	DeepDel	19q13.2
P23_A	RRAS	IMPACT468	DeepDel	19q13.33
P23_A	POLD1	IMPACT468	DeepDel	19q13.33
P23_A	CRKL	IMPACT468	DeepDel	22q11.21
P23_A	MAPK1	IMPACT468	DeepDel	22q11.22
P23_A	RAC2	IMPACT468	DeepDel	22q13.1
P23_A	NSD2	IMPACT468	DeepDel	4p16.3
P23_A	CARM1	IMPACT468	DeepDel	19p13.2
P23_A	BRD4	IMPACT468	DeepDel	19p13.12
P23_A	UPF1	IMPACT468	DeepDel	19p13.11
P23_A	CALR	IMPACT468	DeepDel	19p13.13
P19_A	GREM1	IMPACT468	DeepDel	15q13.3
P22_A	ERCC2	IMPACT468	DeepDel	19q13.32
P22_A	NPM1	IMPACT468	DeepDel	5q35.1
P22_A	CEBPA	IMPACT468	DeepDel	19q13.11
P22_A	TBX3	IMPACT468	DeepDel	12q24.21
P22_A	NSD1	IMPACT468	DeepDel	5q35.3
P22_A	HNF1A	IMPACT468	DeepDel	12q24.31
P22_A	PTPN11	IMPACT468	DeepDel	12q24.13
P22_A	PTPRS	IMPACT468	DeepDel	19p13.3
P22_A	STK11	IMPACT468	DeepDel	19p13.3
P22_A	SDHA	IMPACT468	DeepDel	5p15.33
P22_A	TCF3	IMPACT468	DeepDel	19p13.3
P22_A	KEAP1	IMPACT468	DeepDel	19p13.2
P22_A	PIK3R2	IMPACT468	DeepDel	19p13.11
P22_A	ERF	IMPACT468	DeepDel	19q13.2
P22_A	CIC	IMPACT468	DeepDel	19q13.2
P22_A	BBC3	IMPACT468	DeepDel	19q13.32
P22_A	PPP2R1A	IMPACT468	DeepDel	19q13.41
P22_A	GATA3	IMPACT468	DeepDel	10p14
P22_A	SMARCA4	IMPACT468	DeepDel	19p13.2
P22_A	KMT2B	IMPACT468	DeepDel	19q13.12
P22_A	RET	IMPACT468	DeepDel	10q11.21
P22_A	CCNE1	IMPACT468	DeepDel	19q12
P22_A	DNAJB1	IMPACT468	DeepDel	19p13.12
P22_A	ARID5B	IMPACT468	AMP	10q21.2
P22_A	HIST1H1C	IMPACT468	AMP	6p22.2
P22_A	HIST1H2BD	IMPACT468	AMP	6p22.2
P22_A	HIST1H3B	IMPACT468	AMP	6p22.2
P22_A	FGFR4	IMPACT468	DeepDel	5q35.2
P22_A	FLT4	IMPACT468	DeepDel	5q35.3
P22_A	DOT1L	IMPACT468	DeepDel	19p13.3
P22_A	GNA11	IMPACT468	DeepDel	19p13.3
P22_A	MAP2K2	IMPACT468	DeepDel	19p13.3
P22_A	POLE	IMPACT468	DeepDel	12q24.33
P22_A	TERT	IMPACT468	DeepDel	5p15.33
P22_A	HIST1H3A	IMPACT468	AMP	6p22.2
P22_A	HIST1H3C	IMPACT468	AMP	6p22.2
P22_A	HIST1H3D	IMPACT468	AMP	6p22.2
P22_A	HIST1H3E	IMPACT468	AMP	6p22.2
P22_A	HIST1H3F	IMPACT468	AMP	6p22.2
P22_A	HIST1H3G	IMPACT468	AMP	6p22.2
P22_A	HIST1H3H	IMPACT468	AMP	6p22.1
P22_A	HIST1H3I	IMPACT468	AMP	6p22.1
P22_A	HIST1H3J	IMPACT468	AMP	6p22.1
P22_A	KMT5A	IMPACT468	DeepDel	12q24.31
P22_A	INSR	IMPACT468	DeepDel	19p13.2
P22_A	DNMT1	IMPACT468	DeepDel	19p13.2
P22_A	NOTCH3	IMPACT468	DeepDel	19p13.12
P22_A	BABAM1	IMPACT468	DeepDel	19p13.11
P22_A	JAK3	IMPACT468	DeepDel	19p13.11
P22_A	MEF2B	IMPACT468	DeepDel	19p13.11
P22_A	AKT2	IMPACT468	DeepDel	19q13.2
P22_A	AXL	IMPACT468	DeepDel	19q13.2
P22_A	CD79A	IMPACT468	DeepDel	19q13.2
P22_A	RRAS	IMPACT468	DeepDel	19q13.33
P22_A	POLD1	IMPACT468	DeepDel	19q13.33
P22_A	CSF1R	IMPACT468	DeepDel	5q32
P22_A	PDGFRB	IMPACT468	DeepDel	5q32
P22_A	CARM1	IMPACT468	DeepDel	19p13.2
P22_A	BRD4	IMPACT468	DeepDel	19p13.12
P22_A	UPF1	IMPACT468	DeepDel	19p13.11
P22_A	DROSHA	IMPACT468	DeepDel	5p13.3
P22_A	RAB35	IMPACT468	DeepDel	12q24.23
P22_A	MSI1	IMPACT468	DeepDel	12q24.31
P22_A	CALR	IMPACT468	DeepDel	19p13.13
P14_A	YAP1	IMPACT468	AMP	11q22.1
P14_A	BCL2L11	IMPACT468	DeepDel	2q13
P14_A	GLI1	IMPACT468	AMP	12q13.3
P14_A	BRCA1	IMPACT468	AMP	17q21.31
P14_A	NCOA3	IMPACT468	AMP	20q13.12
P14_A	PRDM1	IMPACT468	AMP	6q21
P14_A	MST1	IMPACT468	AMP	3p21.31
P14_A	MST1R	IMPACT468	AMP	3p21.31
P14_A	FYN	IMPACT468	AMP	6q21
P14_A	RAD21	IMPACT468	AMP	8q24.11
P14_A	BIRC3	IMPACT468	AMP	11q22.2
P14_A	MGA	IMPACT468	AMP	15q15.1
P14_A	NUP93	IMPACT468	AMP	16q13
P14_A	ZFHX3	IMPACT468	AMP	16q22.2-q22.3
P14_A	ANKRD11	IMPACT468	AMP	16q24.3
P14_A	STAT5B	IMPACT468	AMP	17q21.2
P14_A	STAT5A	IMPACT468	AMP	17q21.2
P14_A	MAP3K14	IMPACT468	AMP	17q21.31
P14_A	HOXB13	IMPACT468	AMP	17q21.32
P14_A	PLCG2	IMPACT468	AMP	16q23.3
P14_A	STAT3	IMPACT468	AMP	17q21.2
P2_A	ERBB2	IMPACT410	AMP	17q12
P2_A	CDK12	IMPACT410	AMP	17q12
P15_A	ERBB2	IMPACT410	AMP	17q12
P15_A	CCNE1	IMPACT410	AMP	19q12
P15_A	RICTOR	IMPACT410	AMP	5p13.1
P15_A	CDK6	IMPACT410	AMP	7q21.2
P15_A	TERT	IMPACT410	AMP	5p15.33
P15_A	RNF43	IMPACT410	DeepDel	17q22
P15_A	RARA	IMPACT410	AMP	17q21.2
P15_A	CEBPA	IMPACT410	AMP	19q13.11
P15_A	CDK12	IMPACT410	AMP	17q12
P15_A	IL7R	IMPACT410	AMP	5p13.2
P15_A	SDHA	IMPACT410	AMP	5p15.33
P15_A	STAT5B	IMPACT410	AMP	17q21.2
P15_A	STAT5A	IMPACT410	AMP	17q21.2
P15_A	STAT3	IMPACT410	AMP	17q21.2
P15_B	AURKA	IMPACT410	AMP	20q13.2
P15_B	CDK6	IMPACT410	AMP	7q21.2
P15_B	YES1	IMPACT410	AMP	18p11.32
P15_B	NCOA3	IMPACT410	AMP	20q13.12
P15_B	GNAS	IMPACT410	AMP	20q13.32
P15_B	SUZ12	IMPACT410	AMP	17q11.2
P15_B	RAD51D	IMPACT410	AMP	17q12
P15_B	NF1	IMPACT410	AMP	17q11.2
P6_A	BRCA2	MSK_ACCESS_V1	AMP	13q13.1